name,email,postalZip,currency,country,address,phone,region
Chadwick Johns,molestie.arcu@yahoo.edu,5237,$82.86,Pakistan,1865 Id Av.,(428) 238-0487,North Region
Alexander Nixon,phasellus.nulla@icloud.com,632223,$9.17,India,191-3086 Ante. Street,(557) 819-9682,North Island
Nigel Joyner,primis.in.faucibus@google.ca,9185-8693,$77.35,New Zealand,8781 Duis St.,(828) 494-4778,Atacama
Wayne Reeves,eu.nulla.at@outlook.ca,1833,$39.60,Belgium,696-6286 Duis Road,(132) 362-1783,Khyber Pakhtoonkhwa
Reece Porter,pede@protonmail.net,52625,$11.27,Chile,"6131 Non, Ave",(451) 638-7253,Sląskie
Chadwick Fuller,lorem.eu@protonmail.ca,451729,$71.98,Turkey,655-2183 Eu St.,1-456-309-6587,West Kalimantan
Moses Mccray,tempor.arcu@yahoo.couk,54875-88275,$11.96,Belgium,749-8419 Ridiculus St.,1-261-225-4536,Gangwon
Barry Pacheco,eu.ultrices@outlook.ca,538486,$2.49,Spain,Ap #405-7067 Vivamus Road,(775) 718-2460,Kano
Odessa Green,pretium.et@outlook.net,537171,$84.16,United States,992-8533 Odio Rd.,1-191-591-2592,Eastern Cape
Alexandra Pennington,convallis.erat.eget@protonmail.ca,41256,$47.02,Russian Federation,"Ap #722-3827 Non, Av.",(849) 516-8369,Nordland
Wendy Estes,donec@outlook.com,572458,$15.36,India,Ap #260-358 Donec Road,(874) 682-8563,Östergötlands län
Lacy Chaney,eros.turpis@aol.net,544717,$8.12,Russian Federation,967-8350 Rhoncus. St.,1-855-472-4360,Toscana
Rebecca Weiss,pharetra@yahoo.edu,13634,$77.64,Peru,"P.O. Box 837, 7396 Mauris. Ave",(647) 457-2415,Vorarlberg
Lillian Wilson,habitant.morbi@protonmail.org,8722,$27.84,Norway,Ap #926-2864 Gravida Rd.,(934) 534-8321,Paraíba
Gil Gallegos,quis.pede@outlook.edu,1453,$54.07,China,2050 Sollicitudin St.,(172) 286-9543,Vorarlberg
Kennedy Whitehead,ligula.donec@protonmail.com,934924,$43.34,Chile,"P.O. Box 680, 7474 Aenean St.",1-422-827-4758,Arequipa
Ori Fleming,elit.pretium@google.ca,02838,$85.55,South Africa,Ap #846-2402 Nulla Av.,1-841-912-8118,Guerrero
Juliet Kennedy,et.magnis.dis@protonmail.org,71441,$23.42,Chile,"P.O. Box 452, 5711 A, St.",(625) 687-6992,Araucanía
Fuller Rush,mi@outlook.com,52265-18839,$81.16,Australia,927-3368 Dolor Rd.,(786) 859-3888,Virginia
Mariko Francis,adipiscing.fringilla@google.net,334844,$79.57,Mexico,2612 Lorem Rd.,1-489-716-1792,Northern Territory
Jeanette Riley,etiam.bibendum.fermentum@google.ca,1656 DO,$18.55,United States,"P.O. Box 100, 5808 Sit Avenue",(281) 245-5862,Oslo
Caryn Henderson,aliquet@aol.edu,556938,$26.32,India,"197-3965 Vulputate, Ave",1-572-300-3278,Bicol Region
Andrew Manning,magna.sed@google.net,83455-12479,$9.83,South Africa,3877 A St.,(402) 440-4137,Samsun
Chloe Farley,tempus.mauris.erat@outlook.org,78508,$59.42,Ireland,2973 Nibh St.,(318) 774-1763,Vorarlberg
Grant Barker,et.rutrum.non@aol.net,13748,$93.12,Costa Rica,Ap #868-2893 Congue. Rd.,1-759-954-1083,Tyrol
Dexter Lynch,phasellus.nulla.integer@aol.ca,31814,$59.72,Netherlands,Ap #438-7172 Lacinia. Avenue,(155) 297-2528,Bình Dương
Justin Hickman,orci.in.consequat@google.ca,89-775,$81.73,Peru,262-227 Non Road,(883) 586-8562,Swiętokrzyskie
Teagan Espinoza,eu@outlook.edu,3380,$82.08,United States,"P.O. Box 639, 760 Mi St.",1-761-826-0622,Burgenland
Lyle Walton,nulla@yahoo.com,21736,$84.14,Philippines,"P.O. Box 233, 6820 Morbi Rd.",(629) 834-5721,Kemerovo Oblast
Igor Porter,vitae.nibh@protonmail.org,50507,$79.80,Belgium,514 Sagittis St.,(319) 658-8884,Antofagasta
Zenaida Chang,consectetuer.euismod.est@protonmail.net,50202,$15.18,Brazil,"P.O. Box 202, 5207 Velit Avenue",(541) 950-7459,Chihuahua
Kimberly Buckner,enim.curabitur.massa@hotmail.com,637356,$65.37,India,111-3700 Nisi. Ave,1-651-556-8876,Northern Territory
Jaime Stephens,mauris.vel@outlook.org,694582,$11.60,Germany,"P.O. Box 951, 5456 Inceptos Street",1-372-605-6364,Bremen
Neil Mccoy,vel.arcu@hotmail.edu,91366,$42.32,Spain,"P.O. Box 775, 720 Felis. Rd.",(332) 647-0830,Ulster
Ronan Guerrero,aliquet.lobortis@hotmail.org,0467,$21.85,South Africa,4151 Eu Rd.,(626) 978-3546,Aragón
Graham Hurley,vel.pede@hotmail.couk,14-684,$20.09,Ireland,"P.O. Box 660, 5366 Sagittis St.",(826) 148-1164,Sicilia
Justina Bryan,velit@yahoo.com,312217,$11.43,Belgium,156-1713 Massa. Ave,1-308-790-5625,Drenthe
Jesse Foster,in.at@google.org,816552,$74.40,Belgium,Ap #740-3654 Convallis Street,1-359-777-1864,Luhansk oblast
Aaron Reed,dapibus.gravida@outlook.couk,S0E 2W4,$55.46,South Africa,Ap #455-8130 Dui. Road,1-194-246-2391,Stockholms län
Jin Quinn,diam@protonmail.org,51676,$57.97,United Kingdom,192-3366 Lorem Street,1-713-692-9838,Amazonas
Nerea Duran,enim@aol.net,G0V 4S1,$25.50,Belgium,570-764 Dis St.,1-945-671-0754,Istanbul
Merritt Rocha,molestie@icloud.org,64862-77550,$15.57,New Zealand,"1405 Tincidunt, Street",1-517-433-5597,łódzkie
Vivian Davis,est.mollis@yahoo.couk,3713,$60.23,Colombia,397-9873 Per Av.,(968) 266-3084,Alajuela
Larissa Best,nisi@hotmail.net,23429,$94.38,China,Ap #558-1754 Ac Rd.,1-731-446-2390,Ancash
Cruz Terry,tortor.integer@yahoo.net,48977,$20.51,Ukraine,Ap #380-9662 Tempor Rd.,(784) 487-7127,Kahramanmaraş
Valentine Castro,lacus.nulla@google.ca,88926,$4.33,Austria,Ap #129-5794 Iaculis St.,1-544-793-5315,Nova Scotia
Rinah Dunlap,lacus.ut@google.couk,U0R 0B2,$98.87,New Zealand,"P.O. Box 601, 1486 Ipsum. St.",(640) 823-2488,Upper Austria
Henry Willis,in.faucibus@yahoo.edu,6968,$71.31,Singapore,Ap #892-7041 Lorem Avenue,(988) 566-6480,Sussex
Guinevere Horton,egestas@yahoo.net,5261 UX,$8.92,Mexico,"Ap #120-4756 Egestas, Road",(964) 358-8288,Nunavut
Levi Mack,imperdiet.ullamcorper.duis@protonmail.com,5871-8086,$26.39,Norway,"Ap #874-995 Auctor, Road",(306) 654-4333,Ohio
Zorita Calderon,volutpat.ornare@hotmail.com,875006,$32.11,Russian Federation,878-5032 Auctor Avenue,1-345-777-2866,Connacht
Merritt Alexander,neque@yahoo.ca,11782-81226,$96.23,Costa Rica,Ap #904-7630 Nulla St.,(169) 564-7872,Gävleborgs län
Sydney Huffman,euismod@icloud.net,624315,$46.22,Poland,3490 Nullam St.,(504) 938-3622,Leinster
Elliott Sandoval,phasellus.in@google.couk,881415,$28.77,Australia,273-8611 Est Street,1-624-327-2708,Carinthia
Michael Gonzalez,metus.facilisis@protonmail.net,1669-6523,$76.87,Nigeria,869-2199 Enim Rd.,1-173-740-5416,Poitou-Charentes
Abraham Gibson,ac@yahoo.couk,39745,$39.43,Australia,"P.O. Box 371, 5166 Non Rd.",1-769-879-3526,Kansas
Kelly Houston,vivamus@yahoo.edu,296014,$60.55,Turkey,Ap #447-8880 Tempor Rd.,(803) 426-0506,Salzburg
Cecilia Cobb,amet.metus.aliquam@hotmail.couk,43634,$68.00,Singapore,"P.O. Box 441, 3274 Sem Ave",(334) 681-8757,Carinthia
Marsden Mayo,metus@outlook.org,05433,$72.04,New Zealand,622-4862 Adipiscing Avenue,(785) 515-3566,North-East Region
Regina Serrano,nam@icloud.net,414282,$42.33,China,"P.O. Box 875, 4864 Porttitor Av.",1-153-217-8677,Noord Holland
Kareem Duncan,fermentum.risus.at@yahoo.net,02096,$86.35,New Zealand,5133 Suscipit St.,1-383-823-7678,Troms og Finnmark
Octavius Woodward,blandit.congue.in@hotmail.ca,5935,$93.47,Italy,351-8189 Fermentum Av.,1-692-709-1268,Baden Württemberg
Callie Hoffman,lacinia@google.com,8614,$24.22,Spain,"P.O. Box 283, 1775 Facilisis Rd.",(596) 579-9327,Arunachal Pradesh
Raven Herman,non.vestibulum@google.net,1271,$71.39,Chile,926-3796 Enim Road,1-322-138-7631,Brussels Hoofdstedelijk Gewest
Ginger Frazier,et.eros@icloud.net,188747,$92.08,Peru,114-6813 Tincidunt Ave,1-939-552-3146,New Brunswick
Michael Mason,enim.curabitur@icloud.org,735371,$51.00,United Kingdom,Ap #429-5442 Lacinia Avenue,(371) 822-5825,Kirov Oblast
Ignatius Reese,quam.a@protonmail.couk,337117,$75.98,Nigeria,"P.O. Box 473, 8150 A St.",(826) 625-8297,Munster
Jonah Hurley,gravida@outlook.couk,2839,$2.06,Nigeria,"7154 Vulputate, Avenue",(589) 862-6866,Limón
Jayme Hendricks,ornare.placerat@protonmail.com,N9Y 7W8,$8.61,Germany,"P.O. Box 288, 3769 Eget Rd.",(783) 974-6803,South Gyeongsang
Henry Berger,dui.nec@icloud.edu,12-38,$57.90,France,"P.O. Box 162, 1008 Dapibus Av.",1-465-556-4080,North Kalimantan
Sylvester Coffey,tellus.justo@outlook.ca,S5W 2T3,$9.62,Costa Rica,"P.O. Box 680, 4881 Malesuada Ave",1-260-588-4475,Antioquia
Caesar Taylor,aliquet.sem.ut@outlook.edu,243939,$55.92,Canada,134-5148 Egestas. St.,1-889-264-9452,Balochistan
Macon Bowen,lorem.vehicula.et@hotmail.couk,8224,$87.44,Turkey,"P.O. Box 718, 587 Quisque Rd.",1-766-249-7377,Bắc Kạn
Cassidy Crane,vulputate.lacus.cras@aol.net,5353,$8.45,Canada,1299 Tristique Avenue,1-169-706-3184,Dalarnas län
Kirestin Hansen,duis@icloud.edu,89-562,$34.91,United States,642-7045 Nascetur St.,1-168-294-9127,Brandenburg
Elton Kennedy,rutrum@icloud.com,94840,$94.97,Netherlands,Ap #414-6262 Ac Ave,(403) 617-2843,Dalarnas län
Plato Petersen,donec.vitae@protonmail.ca,06646,$50.80,New Zealand,Ap #262-8439 Diam. Ave,(781) 692-9338,Magallanes y Antártica Chilena
Britanni Baxter,nullam.vitae@hotmail.org,7016,$65.74,New Zealand,1647 Vel Street,1-721-473-4573,Sindh
Keelie Hernandez,nec.diam.duis@yahoo.org,548384,$38.73,Norway,"P.O. Box 180, 4010 Sit Road",1-947-323-6098,Dōngběi
Tad Terrell,tincidunt@hotmail.com,50384-219,$71.85,Mexico,874-1287 Egestas. Road,(351) 817-2661,Huádōng
Hiram Mccormick,etiam.gravida@outlook.edu,1545 MP,$3.27,Poland,948-1084 Nibh St.,1-622-744-7620,West Region
Stephanie Cortez,ac@yahoo.edu,8178,$51.27,China,5922 Maecenas Ave,1-632-522-3314,Antalya
Lucian Bullock,donec.fringilla.donec@yahoo.couk,9683,$23.38,South Africa,"722-6202 Odio, Rd.",1-260-245-8460,Quebec
Phelan Castillo,morbi.accumsan.laoreet@yahoo.com,34915,$48.01,Nigeria,745-134 Arcu. Road,1-866-217-8556,FATA
Walker Cantu,nullam.scelerisque@aol.edu,552624,$95.49,Costa Rica,"Ap #183-8490 Vulputate, St.",(987) 343-6474,Sóc Trăng
Hector Mckenzie,tincidunt.orci@google.couk,0146 YZ,$7.35,Canada,Ap #226-7017 Tempor Ave,(678) 734-6472,Goiás
Phoebe Dorsey,cras.dictum@hotmail.com,28233,$59.90,Norway,"P.O. Box 123, 410 Ullamcorper, St.",(635) 282-3660,Bạc Liêu
Myles Perez,vitae.aliquam.eros@hotmail.com,286678,$4.24,Costa Rica,6776 Lacus. St.,(425) 757-5418,Junín
Justina Hunt,fusce.mollis.duis@icloud.ca,85022,$65.68,Brazil,4553 Mus. Av.,1-329-366-2186,Indiana
Jasper Barber,amet.massa.quisque@outlook.org,28117,$32.75,Indonesia,173-2887 Feugiat Ave,1-682-666-6921,North Region
Justina Lancaster,malesuada.ut@outlook.org,23J 4C1,$66.13,Peru,Ap #220-9956 Id Av.,(551) 862-8126,Sardegna
Dawn Brewer,nec.diam@protonmail.net,971615,$19.41,Philippines,"P.O. Box 805, 6383 Quisque St.",1-434-450-6825,Sokoto
Stephanie Stark,at.arcu@hotmail.couk,165539,$94.01,Turkey,417-7037 Sociis Rd.,(747) 215-6101,Salzburg
Joel Peters,tempor.erat.neque@yahoo.org,74595,$29.62,United Kingdom,"P.O. Box 401, 6063 Arcu. Street",1-858-788-1405,Noord Holland
Lance Bates,morbi.accumsan.laoreet@yahoo.net,857835,$17.27,Netherlands,624-1786 Hendrerit Avenue,(635) 103-0776,Cherkasy oblast
Caesar Estrada,dui.semper@outlook.couk,347643,$88.83,Vietnam,975-2650 Velit Ave,(714) 729-6187,Dōngběi
Walker Tran,ligula@icloud.com,5765,$66.53,Indonesia,181-9952 Pellentesque. Street,(766) 836-2438,Long An
Chadwick Sweet,odio.a.purus@aol.net,2875,$0.89,Turkey,7947 Fermentum Av.,1-786-341-8782,Bahia
Mira Gonzalez,magna.phasellus@aol.net,50748,$79.13,Germany,Ap #889-5455 Enim Ave,(472) 673-3217,Dunbartonshire
Fleur Patel,metus@icloud.com,638997,$91.04,Singapore,Ap #895-7840 Lorem Street,1-426-224-2831,Lorraine
Kyra Snyder,enim.mi.tempor@outlook.ca,6350,$63.89,Germany,155-4605 Auctor Av.,1-994-582-3841,Voronezh Oblast
Eleanor Trevino,a.aliquet.vel@icloud.org,41143,$37.61,Singapore,"P.O. Box 666, 700 Magna. Rd.",(577) 659-6321,Aydın
Tashya Hyde,rutrum.magna.cras@yahoo.ca,35485,$87.98,Sweden,7778 Curae St.,1-865-986-3773,Swiętokrzyskie
Natalie Jimenez,non.enim@protonmail.org,44645,$26.22,Costa Rica,906-4196 Eleifend. Road,(205) 752-8333,Texas
Jasmine Conway,vivamus.sit.amet@aol.net,62484,$93.11,Peru,5676 Donec Avenue,(185) 418-6708,Prince Edward Island
Vaughan Crawford,nunc.risus.varius@icloud.edu,7107,$96.92,Pakistan,Ap #135-5321 Cursus St.,1-721-275-7833,Niger
Susan Skinner,massa.non@icloud.net,11328,$17.54,Ireland,179-8492 Lorem Ave,1-762-294-8445,Östergötlands län
Ursula Holland,fusce.aliquet@aol.org,679742,$37.51,Costa Rica,466-7845 Hendrerit Rd.,1-578-434-9173,Azad Kashmir
Alexandra Mccarty,aliquet@icloud.couk,71-63,$15.06,Belgium,2071 Mi St.,1-777-877-8564,Eastern Cape
Kirestin Ramsey,a.ultricies@google.ca,78394,$46.12,Ireland,745-4293 Laoreet Rd.,(125) 781-2112,Niger
Cade Wiley,facilisis.facilisis@protonmail.edu,23038,$78.34,New Zealand,544-5297 Natoque Street,1-285-379-6272,Ulster
Marsden Cortez,vulputate.posuere@google.couk,65057,$17.81,Belgium,811-4175 A St.,1-782-385-8545,Victoria
Axel Jefferson,donec.est@icloud.com,140085,$8.79,Philippines,"P.O. Box 785, 3056 Nullam Road",1-493-666-4231,Queensland
Karly Brock,tristique.senectus@protonmail.ca,89846,$36.92,Brazil,"P.O. Box 755, 3595 Aliquet Avenue",(796) 485-6253,Viken
Grady Lindsey,duis@yahoo.ca,933142,$21.54,Brazil,240-4815 Nec Rd.,(946) 579-8813,Van
Alea Barr,quis.pede@outlook.com,5971,$71.21,Singapore,Ap #314-1203 Vivamus St.,(452) 298-7430,Aydın
Murphy James,dapibus.id@hotmail.edu,5560,$36.84,Austria,"P.O. Box 318, 6228 Sed St.",(734) 311-8257,Virginia
Hanna Peck,tellus.imperdiet@icloud.couk,02658,$71.18,Turkey,2361 Phasellus Road,1-484-431-3533,West Region
Keaton Cooper,natoque.penatibus@yahoo.net,61371,$96.02,Belgium,988-5663 Ultricies Rd.,1-115-648-0679,Berwickshire
Elijah Dixon,diam.duis@icloud.ca,K3X 1VB,$55.34,South Africa,"912-187 Scelerisque, Rd.",1-637-753-2237,Lorraine
Harrison Pearson,purus.in.molestie@protonmail.ca,768577,$89.69,Russian Federation,"Ap #338-7159 Pede, St.",(762) 854-7165,Salzburg
Cheryl Chen,ante.nunc@aol.ca,8761,$19.11,Philippines,323-5152 Aenean St.,(587) 946-7691,Adana
Donovan Washington,sem@outlook.com,198711,$77.37,Mexico,"Ap #697-1002 Mauris, Av.",(356) 265-8134,Arica y Parinacota
Demetria Bryan,non.dapibus.rutrum@protonmail.net,85510,$62.23,Russian Federation,"690-6722 Non, Rd.",(555) 741-3624,North West
Virginia Farrell,dolor.egestas@protonmail.ca,27228,$30.73,Turkey,Ap #966-6070 Luctus. Rd.,(123) 223-1744,West Papua
Isabella Mueller,turpis@yahoo.edu,541812,$27.92,Colombia,6515 Ornare. Avenue,1-989-165-1963,South Island
Lael Cohen,sed.consequat.auctor@yahoo.com,1938-5582,$29.12,Costa Rica,"P.O. Box 970, 750 Convallis Ave",1-873-413-6748,Upper Austria
Kennan Mckay,magna@yahoo.com,5122,$47.31,Philippines,Ap #169-4971 Tellus. Rd.,(397) 568-4963,Antioquia
Eugenia Camacho,augue@aol.org,1155,$46.88,Canada,871-4010 Ridiculus Ave,(480) 371-1135,Delhi
Len Hebert,dapibus.ligula@protonmail.org,2615,$15.06,United States,783-4894 Ut Rd.,(755) 659-2166,Navarra
Breanna Stevenson,feugiat.tellus@yahoo.edu,58733-46350,$44.14,Singapore,Ap #342-2626 Penatibus Rd.,1-682-570-7326,Galicia
Rhona Dickerson,adipiscing@protonmail.couk,54885,$61.11,Turkey,5475 Adipiscing Street,(548) 721-5614,North Maluku
Buffy Thomas,dui@aol.com,165991,$84.58,India,2993 Nec Rd.,(259) 428-2669,Ayrshire
Ori Boyle,tempus.risus@aol.edu,82473,$2.81,Sweden,7421 Luctus Av.,1-721-220-4348,Trentino-Alto Adige
Boris Thomas,eu.nulla@aol.net,602844,$60.89,Colombia,343-363 Neque. Rd.,1-661-712-9727,Córdoba
Aidan Talley,erat.vitae@yahoo.couk,57176,$69.72,Spain,Ap #248-3493 Eget St.,(196) 865-4476,Cundinamarca
Alexander Palmer,adipiscing.enim.mi@aol.org,27415,$21.99,China,8456 Vulputate Avenue,1-677-724-8704,Vestfold og Telemark
Bruno Carr,metus.vivamus@google.couk,963057,$61.33,Canada,"Ap #390-3732 Amet, Street",1-788-765-5163,Lorraine
Lesley Blanchard,non.sapien.molestie@outlook.ca,668315,$89.37,Belgium,"P.O. Box 696, 9804 A, Street",1-231-896-3973,Oaxaca
Berk Slater,risus.odio@hotmail.couk,61811,$61.75,Sweden,5812 Dis Street,(484) 783-1965,Benue
Xavier Rivers,id.ante@icloud.org,67141,$37.44,China,2551 Nullam Rd.,(257) 434-9676,Hamburg
Reese Rojas,etiam.vestibulum@outlook.com,61660,$75.98,New Zealand,"P.O. Box 829, 1116 Augue St.",(918) 746-0349,Jeju
Imogene Phelps,vitae@hotmail.net,1438,$54.54,South Africa,Ap #700-654 Commodo Street,(785) 982-6654,Baja California
Macaulay Allison,erat.sed@aol.ca,16780,$85.88,Turkey,Ap #798-4279 Nunc. St.,(156) 730-4818,Auvergne
Upton Nelson,arcu.imperdiet@protonmail.ca,32264997,$1.02,Singapore,"Ap #707-1150 Mauris, St.",(543) 953-3562,Central Region
Minerva Finch,ac.mi@google.edu,15251-88881,$97.60,China,597-4752 Lectus Avenue,1-514-250-5136,Nordland
Shea Jenkins,egestas.urna.justo@hotmail.net,447554,$1.15,France,Ap #109-1401 Donec St.,1-342-800-0431,Araucanía
Hope Spencer,tellus@aol.ca,277864,$50.55,Italy,481-181 Tristique Av.,(801) 218-2795,Gangwon
Coby Juarez,erat@hotmail.couk,881376,$66.11,Norway,Ap #623-5061 Dolor. Road,1-776-333-3042,Western Cape
Rajah Riley,tincidunt.nunc.ac@hotmail.edu,884144,$34.90,Brazil,319-9499 Cubilia St.,(161) 738-4046,Vestland
Inga Walton,enim.diam@aol.com,80843-09740,$81.06,Italy,Ap #938-3686 Nonummy Road,(426) 454-1934,Pernambuco
Molly Kramer,lorem.luctus@aol.org,72E 2M2,$82.27,Vietnam,760-1213 Molestie Road,(382) 325-1133,Lạng Sơn
Ariel Wilder,egestas.nunc.sed@protonmail.edu,367856,$87.60,Indonesia,"P.O. Box 344, 4503 Et Rd.",1-923-819-8737,Junín
Darius Mayo,massa.rutrum.magna@google.com,7571,$46.66,Peru,"P.O. Box 420, 8002 Magna. Street",(627) 784-1108,Bremen
Jasper Hopper,phasellus.fermentum@outlook.com,14846-634,$53.91,Norway,"P.O. Box 150, 9670 Egestas. St.",(708) 422-1813,Idaho
Aline Dorsey,lobortis.quis@yahoo.ca,33241,$18.41,Turkey,"P.O. Box 292, 421 Odio. Ave",1-292-863-3588,Huádōng
Ezekiel Swanson,mauris.vel@icloud.com,4370,$54.81,Norway,999-1887 Enim. Av.,1-445-522-6629,Campania
Nasim Woods,enim.etiam@yahoo.edu,1623-7353,$3.72,Costa Rica,"P.O. Box 602, 573 Mauris Street",1-546-975-7382,South Sumatra
Amelia Goff,ac@hotmail.net,472117,$94.75,United States,845-9404 Sit Rd.,(532) 866-3781,Bursa
Lamar Bond,mollis.lectus@hotmail.couk,2478,$8.65,Italy,Ap #133-8656 Fusce Rd.,1-207-244-2744,Utah
Selma Richardson,consectetuer.adipiscing@aol.com,88881,$57.40,Nigeria,"P.O. Box 454, 2809 In Rd.",1-916-218-5265,Cusco
Savannah Schwartz,metus.vivamus@hotmail.ca,80279-766,$46.94,Brazil,511-470 Nam Ave,(557) 578-2771,Goiás
Carson Benjamin,netus.et.malesuada@yahoo.edu,5784,$97.64,Singapore,Ap #721-5940 Tellus Avenue,1-764-212-2216,Central Visayas
Travis Hall,mauris.rhoncus.id@google.couk,50168,$88.95,France,705-5493 Odio Rd.,(976) 946-8148,Limburg
Grady Roth,vel.lectus.cum@icloud.ca,4469,$88.18,China,"P.O. Box 234, 9881 Ac, Road",1-212-631-8588,South Chungcheong
Rhona Flowers,tempor.arcu@outlook.com,88219,$27.56,Norway,Ap #190-2559 Dui Ave,1-567-566-0677,Bạc Liêu
Cherokee Reed,hendrerit.a@icloud.ca,7423,$74.62,Peru,"P.O. Box 179, 5483 Erat Rd.",1-115-171-6273,North Gyeongsang
Hilel Craig,ligula@hotmail.net,24476,$50.76,Indonesia,590-2258 Malesuada St.,1-501-141-0813,South Sumatra
Tobias Caldwell,risus.nunc@aol.ca,71636,$36.22,United States,"P.O. Box 699, 8325 Nisi Ave",(354) 297-6044,East Region
Stewart Cotton,porttitor@icloud.edu,82761-34511,$66.88,Austria,Ap #878-9318 Ante Ave,1-469-367-8107,Gelderland
Anne Petersen,nonummy@icloud.net,60888,$99.66,India,"P.O. Box 173, 9219 Proin St.",1-612-201-7178,South Chungcheong
Paki Mclean,faucibus@hotmail.ca,55781,$77.18,Philippines,371-7029 Lorem Ave,(313) 749-7837,FATA
Hayfa Prince,ligula@google.couk,52668,$61.63,Poland,Ap #552-8738 Urna Street,(185) 854-3864,Manitoba
Zenaida Powell,litora@google.ca,468566,$74.86,Peru,194-4323 Iaculis St.,(711) 486-8511,Zhōngnán
Dahlia Oliver,turpis.non@outlook.ca,7216,$50.67,Austria,5847 Ipsum St.,1-587-983-8486,Burgenland
Jelani Knowles,non.enim@aol.ca,97859-12559,$72.95,Austria,"P.O. Box 827, 8206 Ipsum. Avenue",1-139-175-3717,South Sumatra
Oliver Melendez,lacinia@google.couk,58311-806,$88.98,Ireland,"443-3120 Tincidunt, St.",1-585-152-6128,Bretagne
Patience Dotson,diam.pellentesque.habitant@outlook.edu,26146,$9.11,Ireland,"817-4140 Nec, Rd.",(629) 766-3505,South Island
Declan Fowler,ante.nunc@protonmail.edu,38614,$3.01,Italy,5260 Eget Ave,1-156-196-8881,Stockholms län
Quin William,tellus.faucibus@outlook.couk,781715,$31.71,China,232-3580 Magna. Road,1-512-591-1787,North Region
Ayanna Hoffman,ut.cursus@hotmail.com,334391,$68.21,Colombia,Ap #885-4638 Sed Rd.,1-756-337-7736,Baden Württemberg
Wing Puckett,laoreet.libero@outlook.edu,22-611,$43.42,Sweden,3729 Sodales Road,1-635-816-8304,Aragón
Noelle Norman,fermentum.fermentum.arcu@yahoo.ca,40470,$85.73,New Zealand,"721-9531 In, Street",1-466-234-5228,South Island
Bert Peck,aliquam.fringilla.cursus@yahoo.edu,21295-86046,$11.07,Ukraine,"P.O. Box 462, 9655 Suspendisse Ave",1-272-608-0173,Ulster
Abigail Moreno,ac@outlook.net,35537,$26.92,Australia,3780 Gravida Avenue,1-486-700-8315,Lower Austria
Kylynn Bruce,laoreet.ipsum.curabitur@google.org,244461,$82.97,Poland,"P.O. Box 928, 1490 Varius. Rd.",1-851-342-1411,Ayrshire
Wyoming Mcguire,vel@aol.net,EQ78 9WN,$57.94,Belgium,"P.O. Box 353, 4262 Quisque Ave",(431) 872-1971,Chernihiv oblast
Kylee Carpenter,in.felis@aol.org,2535,$30.18,Indonesia,6017 Et Av.,(547) 779-2648,South Jeolla
Lavinia Witt,auctor.nunc.nulla@outlook.ca,5873,$16.20,Indonesia,Ap #155-1980 Mi St.,1-514-587-8315,Ninh Thuận
Paki Cash,aliquam.auctor@protonmail.org,7472,$76.58,South Africa,Ap #575-506 Mollis Road,(363) 616-5933,Carinthia
Amy Oliver,ante@protonmail.com,17162,$35.94,India,802-4134 Mauris Street,(277) 214-7043,Papua
Karleigh Long,odio.tristique@icloud.com,301235,$77.94,France,4930 Lobortis St.,(726) 236-5165,Arauca
Harding Rivas,enim.nunc.ut@icloud.net,547827,$88.68,Belgium,187-3837 Amet St.,(816) 418-8096,Tver Oblast
Dominique Wright,quam@hotmail.com,24478,$15.75,Italy,Ap #274-567 Aliquam Road,(756) 644-4829,Mexico City
Eugenia Mckee,commodo@outlook.couk,75798-568,$37.56,Ukraine,818-3016 Nam Ave,(864) 727-6146,Møre og Romsdal
Amaya Finley,sed.orci@yahoo.org,8778,$45.06,Austria,612-4664 Commodo Rd.,(717) 314-5926,Aisén
Bryar Mclean,ultricies.dignissim@hotmail.org,216388,$88.59,Indonesia,366-1453 Felis. Avenue,1-598-645-2466,Texas
Mechelle Wallace,egestas@protonmail.edu,301703,$50.21,Netherlands,Ap #525-6618 Porttitor Street,(118) 464-6038,Azad Kashmir
Jeanette Anthony,at.sem.molestie@yahoo.couk,485441,$91.89,Philippines,"P.O. Box 239, 5923 Turpis Avenue",(678) 245-4681,Balochistan
Benedict Soto,erat.eget@hotmail.couk,6738 YE,$5.74,Ukraine,Ap #346-1510 Duis Avenue,1-600-586-2383,Connacht
Alma Craig,rutrum.non@hotmail.edu,311414,$59.73,Canada,8224 Fringilla Ave,1-672-456-4692,Connacht
Garth Wilkinson,cras.interdum.nunc@protonmail.org,361805,$98.96,Costa Rica,676-1574 Nunc Av.,(461) 568-8111,Pomorskie
Keelie Camacho,in.condimentum.donec@protonmail.net,9823,$6.01,Costa Rica,735-6443 Sed Av.,1-665-884-6065,Australian Capital Territory
Honorato Valenzuela,libero.donec@google.couk,32215,$22.15,Canada,Ap #187-3347 Integer Ave,1-265-334-3735,Biobío
Kimberly Harrell,dictum.placerat@protonmail.net,65012,$36.21,Costa Rica,"912-2689 Aliquam, Ave",(233) 263-5216,Oaxaca
Ferris Garner,ipsum.non@yahoo.com,444588,$12.49,Norway,"P.O. Box 938, 4207 Nascetur Ave",(211) 392-0658,Bretagne
Derek Langley,non.feugiat@yahoo.couk,3438,$17.52,Costa Rica,"P.O. Box 369, 3664 Ut Street",(478) 248-0983,South Island
Prescott Dyer,a.facilisis@yahoo.org,65948-158,$27.27,Spain,444-9165 Molestie Avenue,(415) 715-2770,Gaziantep
Tara Hensley,odio@hotmail.edu,60234,$91.94,Germany,"P.O. Box 347, 6736 Mauris, Road",(664) 752-2393,Hatay
Halla Kennedy,interdum.sed@yahoo.ca,83014,$8.56,Austria,981-3330 Ultrices. Rd.,(807) 783-9366,Huádōng
Blake Elliott,integer@protonmail.org,72441,$52.06,South Korea,595-9775 Nullam Rd.,1-571-162-8988,West Lothian
Uriel Cohen,vitae.purus@yahoo.org,7127,$16.35,Italy,9500 Nulla. Rd.,1-478-135-3366,Stockholms län
Davis Lindsey,quisque@yahoo.couk,54358,$78.24,Mexico,Ap #279-3623 Vitae Street,1-465-466-2118,Rio Grande do Sul
Brenda Stokes,at.fringilla@protonmail.edu,66-23,$74.65,Vietnam,"859-9909 Leo, Rd.",1-818-833-9665,Zhōngnán
Timothy Best,pellentesque.tellus@aol.net,33233,$40.10,Belgium,6371 Etiam Avenue,(884) 444-6548,KwaZulu-Natal
Shellie Nicholson,risus.donec.egestas@aol.couk,889528,$42.74,Costa Rica,159-5137 Tempor Ave,1-264-847-5182,Nariño
Mary Roth,id@aol.edu,25814,$85.89,Russian Federation,526-6240 In Rd.,(751) 464-6570,Principado de Asturias
Leigh Pierce,enim.sed@google.couk,288684,$31.24,France,Ap #575-1375 Porttitor Avenue,(450) 650-1282,Western Cape
Yuri Walls,ut@outlook.edu,14451-026,$27.50,Netherlands,Ap #994-8720 Tempor Street,(634) 363-5570,San José
Cassady Dominguez,nulla.tincidunt@protonmail.com,65540,$16.91,South Africa,"257-5849 Est, Avenue",(475) 856-5219,North Island
Xantha O'brien,id.risus.quis@yahoo.com,672116,$82.98,India,9109 Nulla. Avenue,(385) 958-7946,Eastern Visayas
Ignatius Brady,sit.amet.dapibus@icloud.ca,644575,$41.19,Russian Federation,256-3870 Donec Ave,1-912-573-5473,Belgorod Oblast
Adrienne Mack,rutrum.justo@google.com,58636,$17.16,Brazil,535-7066 Fermentum Avenue,1-253-605-5817,Free State
Rowan Head,cum.sociis.natoque@hotmail.org,78476,$56.60,China,596-3998 Tristique Av.,(424) 994-1232,Puglia
Alea Sherman,et.magnis@icloud.com,34822,$73.14,Nigeria,"Ap #274-3415 Enim, Avenue",(258) 127-6618,Tarapacá
Vielka Moore,egestas.sed.pharetra@icloud.ca,351330,$67.06,New Zealand,"854-9922 Nec, Road",(613) 147-5726,Kaduna
Angela Bowers,luctus.aliquet@hotmail.net,34055,$10.77,Canada,Ap #405-2753 Ipsum Rd.,(443) 974-5587,Georgia
Fletcher Rivera,consequat.auctor@yahoo.edu,253744,$60.51,Costa Rica,191 Feugiat. Rd.,1-218-634-1968,South Island
Cain Wolfe,aliquet.nec.imperdiet@google.org,878048,$91.32,New Zealand,1303 Arcu Street,(433) 836-5172,Mazowieckie
Cole Mills,tincidunt@aol.couk,36873,$63.02,Ireland,1814 Sociis Rd.,1-214-344-1457,Central Kalimantan
Garrett Pittman,sem.consequat@aol.couk,55620,$97.33,Belgium,175-9155 Nibh Av.,1-697-345-3882,Hamburg
Gabriel Terrell,fusce.diam.nunc@icloud.couk,766478,$3.12,Indonesia,622-5823 Sit Rd.,1-800-897-4231,Limpopo
Doris Reyes,a@icloud.ca,18244,$95.99,Germany,Ap #957-926 Sed Av.,1-362-883-7355,Maluku
Lilah Hansen,interdum.enim@outlook.ca,8386-8552,$36.20,Colombia,"Ap #639-4268 Vulputate, Road",1-102-273-9032,Paraná
Talon Merritt,nulla@google.couk,47727,$2.95,Spain,"3590 Sapien, St.",(523) 959-5025,Osun
Jameson Finley,convallis.convallis@aol.com,1441,$33.40,Costa Rica,Ap #564-1415 Nam Road,(255) 285-5458,Veracruz
Savannah Puckett,dis@aol.net,651873,$16.95,United States,Ap #482-1317 Lectus Rd.,1-866-719-8506,Île-de-France
Nash Kinney,nam.tempor@hotmail.edu,41803,$13.33,South Africa,"7535 Nec, Road",(227) 672-2675,Dalarnas län
Cherokee Cortez,volutpat.ornare@icloud.ca,362287,$94.26,Austria,556-9789 Egestas Rd.,(487) 713-4630,Nordrhein-Westphalen
Rhona Goff,vel.lectus@yahoo.org,75321,$37.58,Pakistan,Ap #957-5582 Nibh. Av.,1-735-923-6816,Herefordshire
Oscar Frost,porttitor@google.com,17212,$94.33,South Africa,4710 Rhoncus Ave,(628) 620-7065,Ulster
Heather Haynes,aliquet.metus.urna@aol.edu,6033,$56.41,Turkey,"P.O. Box 428, 7708 Amet Rd.",1-310-817-3495,North Island
Solomon Campbell,in@icloud.com,6005-8327,$27.58,Ukraine,"P.O. Box 681, 9347 Sed Ave",1-674-703-3245,Central Region
Anthony Boyd,non@yahoo.net,84-85,$11.72,South Africa,776-8716 Vel Av.,(679) 666-5505,Vienna
Anthony Fowler,imperdiet.non@hotmail.couk,7329,$20.35,Ireland,896-9613 Augue Av.,(454) 663-4787,Manisa
Cheryl Davis,porttitor.vulputate.posuere@outlook.com,1824,$5.88,Norway,"Ap #771-3569 Ullamcorper, Road",(321) 891-8118,Rogaland
Lacota Carpenter,magna.a@aol.couk,38882138,$73.75,Mexico,Ap #885-8332 Euismod Av.,1-453-792-1218,Soccsksargen
Ryder Webb,odio@yahoo.edu,I8N 1K1,$55.06,Ireland,"380-3813 Pede, St.",1-526-721-4682,Bolívar
Mannix Hinton,fermentum.risus.at@yahoo.edu,2714,$24.57,Mexico,Ap #342-5062 Velit Av.,(659) 368-0456,Huádōng
Brooke Bender,aliquam@protonmail.edu,96-53,$27.64,Ukraine,"649-1945 Elementum, Rd.",1-559-401-5031,Central Luzon
Yvette Olson,justo.eu.arcu@google.ca,5023,$20.80,Spain,117-6163 Malesuada Rd.,(577) 814-2438,East Java
Joseph Richard,nunc.mauris.sapien@aol.ca,46-66,$44.81,South Africa,144-8780 Urna. Rd.,1-317-827-7563,North Island
Jin Levy,ipsum.suspendisse@google.ca,656156,$53.80,Philippines,Ap #768-877 Luctus Ave,1-612-539-5776,Bursa
Hamilton Riddle,adipiscing.ligula.aenean@hotmail.edu,45246,$89.22,Mexico,Ap #972-3225 Tincidunt Av.,(866) 349-3142,Cordillera Administrative Region
Ray Dickerson,aliquam.erat@protonmail.net,56-24,$83.07,Turkey,103-5724 Sodales. Rd.,1-321-337-7857,Podkarpackie
Jamalia Burton,nunc.in@outlook.net,47478,$6.45,South Korea,Ap #829-6810 Sociis Street,(332) 835-6435,Delta
Kasper Gray,orci.lobortis.augue@icloud.couk,138555,$32.07,Brazil,"P.O. Box 523, 5936 Faucibus Rd.",1-552-173-8208,Distrito Capital
Noble Larsen,purus@google.ca,8622,$66.40,Colombia,447-9985 Natoque Rd.,(433) 855-3501,Azad Kashmir
Ursa Walton,vitae@hotmail.net,51-122,$6.54,Peru,607-9559 Donec Rd.,(457) 497-5323,Lower Austria
Brody Bray,enim.sed.nulla@protonmail.com,63-752,$18.02,Ukraine,8357 Convallis Ave,(676) 297-5827,Bayern
Octavius Luna,libero.et@yahoo.ca,54354-705,$83.34,Philippines,"P.O. Box 275, 3112 Vehicula Av.",(231) 965-5506,Michoacán
Nolan Hensley,nulla.dignissim@outlook.com,36-481,$99.73,Pakistan,551-3002 Semper Ave,1-651-173-5818,Nunavut
Ryder Fleming,purus@icloud.net,U3V 5E6,$80.97,Brazil,Ap #761-8580 Ut Avenue,(573) 212-7313,Heredia
Cathleen Durham,malesuada@aol.couk,174753,$69.54,Norway,5850 Luctus Ave,(655) 386-3214,Sindh
Kiayada Buckley,odio.vel@hotmail.org,6867,$57.63,Peru,526-4833 Hendrerit Rd.,(266) 395-1555,Northern Cape
Tatyana Owen,pede.nec.ante@google.net,513279,$33.11,India,922-3240 Lorem St.,1-666-332-5259,La Rioja
Rafael Hicks,maecenas@hotmail.edu,771464,$46.09,Philippines,640-6343 Purus St.,(420) 786-9140,Los Ríos
Jackson Johns,libero.dui@outlook.org,21523,$94.70,United States,5054 Fusce St.,(281) 689-3245,Upper Austria
Zoe Frazier,tellus.nunc.lectus@yahoo.ca,27302,$79.48,Netherlands,578-5544 Faucibus St.,1-605-902-5357,Kaduna
Adam Bowers,aliquam.nisl.nulla@protonmail.couk,62403,$87.85,Indonesia,Ap #304-8271 Fermentum Avenue,(282) 720-6664,San José
Guy Estrada,massa.non.ante@google.com,67822,$37.57,Ukraine,Ap #823-2078 Dictum Av.,(338) 837-7504,Karnataka
Emery Merrill,eu@hotmail.org,21593,$13.83,Netherlands,Ap #540-2870 Nisi St.,(783) 241-3236,Västra Götalands län
Audrey Brady,non.massa@protonmail.com,418077,$69.55,Netherlands,Ap #290-9592 Dui. Street,(646) 338-1718,Gilgit Baltistan
Unity Compton,egestas.sed@outlook.net,25124,$83.11,Austria,Ap #579-6023 Aliquet Street,(411) 271-0124,Leinster
Ivan Calhoun,metus.vitae.velit@icloud.com,220009,$89.09,Canada,Ap #619-8199 Consectetuer Ave,(677) 781-8756,North Region
Daphne Rasmussen,eleifend.nec@aol.edu,26423,$6.27,China,"P.O. Box 123, 4352 Mauris Road",(212) 357-3679,Ulster
Penelope Sears,massa.vestibulum@outlook.couk,41017,$90.08,Sweden,Ap #319-6609 Eu Street,(815) 588-2668,Adana
Quynn Mcbride,at@icloud.edu,6701,$69.47,Russian Federation,"P.O. Box 122, 5439 Erat. Road",(611) 317-1559,Östergötlands län
Gannon Guthrie,convallis.est@outlook.net,11748,$66.81,India,"Ap #790-4337 Ut, Road",1-989-417-2317,North West
Ignacia Roberts,gravida.sagittis@yahoo.org,8322,$39.39,Colombia,102-1154 Fermentum Road,1-515-219-7230,Loreto
Eugenia Clayton,maecenas.mi@outlook.org,7688,$54.77,Brazil,"P.O. Box 458, 3928 Vitae, Rd.",(658) 448-3485,Yucatán
Aurora Robles,ante.ipsum.primis@aol.edu,3232,$46.88,Colombia,"P.O. Box 178, 6093 Gravida Rd.",1-767-596-0767,Antwerpen
Cairo Small,libero@aol.edu,16155,$74.50,Costa Rica,Ap #628-881 Magna St.,1-596-512-0407,Małopolskie
Shoshana Roberts,eu@aol.couk,276952,$7.26,Pakistan,Ap #601-7039 Facilisis Rd.,1-711-732-7681,Belgorod Oblast
Jaden Walton,nisl@google.org,3757 FH,$98.21,Netherlands,Ap #347-154 Nunc St.,1-673-672-8439,Bryansk Oblast
Maris Padilla,pede.ultrices.a@icloud.org,7324,$63.74,New Zealand,662-118 Ut St.,1-573-402-8777,Central Visayas
Xaviera Yang,ac.mattis.ornare@protonmail.couk,893537,$83.65,Singapore,Ap #543-2326 Nec St.,1-764-739-7625,Tasmania
Avram Ramos,lobortis.risus.in@protonmail.couk,622944,$32.93,South Africa,1863 Velit. St.,(688) 227-2524,Oost-Vlaanderen
Jessamine Kline,dignissim.magna@yahoo.org,78-37,$87.90,Costa Rica,"P.O. Box 958, 7276 Placerat Road",(354) 108-9536,Puebla
Lamar Melendez,sociis.natoque@icloud.com,81314,$50.69,India,Ap #667-8534 Fusce Ave,(231) 242-6122,West Region
Kelly Pitts,lectus.nullam@google.couk,8619,$84.58,Norway,605-3294 Phasellus Ave,1-975-694-8716,Jigawa
Rose Ashley,turpis.egestas@aol.ca,54121,$50.69,Pakistan,"P.O. Box 729, 7207 Ac Ave",(892) 205-4333,Victoria
Carla Gonzalez,nullam.scelerisque@hotmail.org,2867,$34.43,Poland,750-6752 Vel Avenue,(965) 530-6162,Calabria
Cherokee Carpenter,egestas@icloud.couk,134718,$71.06,Indonesia,950-6000 Ligula. Ave,(538) 215-6498,Manitoba
Clio Logan,in.nec@aol.net,6873,$70.03,Singapore,8961 In Av.,(365) 562-8035,North West
Xyla Marsh,lacus.quisque.purus@icloud.net,15062,$17.62,United States,3387 Enim. Road,1-601-916-1089,Namen
Sara Mcguire,parturient.montes@outlook.edu,13257,$80.82,Australia,"P.O. Box 486, 5147 Orci Ave",1-759-298-8978,La Libertad
Rachel Miles,vestibulum.accumsan.neque@icloud.com,9427,$48.28,Norway,6421 Nisl Rd.,1-988-784-5775,Gangwon
Abbot Whitehead,est@hotmail.couk,34-641,$66.01,China,"Ap #548-1305 Scelerisque, St.",(388) 421-6551,Zamboanga Peninsula
Alec Conway,nulla@hotmail.edu,7765,$32.79,Ireland,"P.O. Box 689, 7165 Nam Rd.",1-416-193-5106,Xīnán
Anthony Andrews,tempor.bibendum@outlook.net,21403,$37.94,Costa Rica,"Ap #495-563 Congue, St.",(551) 458-4333,Gorontalo
Olympia Cohen,libero.integer@outlook.couk,65672-77606,$45.10,Poland,Ap #404-4671 Venenatis Rd.,(276) 523-7636,East Region
Tate Battle,at.egestas@protonmail.com,4794,$15.19,Brazil,"Ap #674-2392 At, Road",1-175-212-6228,Antofagasta
Melodie Winters,aliquam.adipiscing@outlook.edu,71381,$40.24,Peru,"P.O. Box 677, 5833 Ut Road",1-775-851-1249,West-Vlaanderen
Hope Carson,suspendisse@aol.org,O5W 3Y2,$45.80,Nigeria,"P.O. Box 142, 6983 Eu Street",1-697-153-1283,Connacht
Melinda Vang,mauris.ipsum@outlook.net,150617,$84.90,China,"P.O. Box 872, 3533 Libero Road",1-232-774-8611,National Capital Region
Simone Tanner,pellentesque.habitant@yahoo.net,1171,$79.14,Philippines,Ap #147-9383 In Rd.,(967) 415-6241,Murcia
Prescott Valentine,erat.eget@hotmail.com,4950,$4.51,Belgium,Ap #656-8317 Aliquet. Street,(837) 375-2832,Arkansas
Tana Chan,nulla.vulputate@icloud.couk,5879,$22.45,Germany,530-3228 Nascetur Road,(277) 204-1647,North Jeolla
Mechelle Acevedo,urna@yahoo.ca,276765,$68.57,Chile,Ap #601-9226 Enim Avenue,(487) 155-5448,Antofagasta
Quentin Jensen,eget.dictum@google.couk,A5H 1G5,$58.82,Canada,"903-4912 Tellus, Avenue",1-264-371-3318,Oslo
David Burton,arcu.vestibulum@hotmail.net,50-161,$83.14,New Zealand,592-9295 Urna St.,1-420-342-2287,Gangwon
Alika Ellison,nunc.interdum@outlook.org,51438-642,$64.31,Philippines,803-231 Nunc St.,(118) 236-5239,National Capital Region
Chloe Barry,rutrum@yahoo.com,936197,$63.30,Chile,Ap #703-3482 Mauris Ave,(244) 226-1731,Paraíba
Stella O'brien,pharetra.sed@aol.com,8491,$81.47,Ukraine,"P.O. Box 696, 3161 Risus. Ave",(815) 256-9422,Piura
Zane Robinson,eros.non@hotmail.couk,11636,$79.03,Nigeria,Ap #444-4126 Fusce Ave,1-137-745-7639,Noord Brabant
Miriam Bond,magnis.dis.parturient@hotmail.org,41318,$43.17,South Africa,"Ap #222-9914 Eu, Rd.",(318) 588-4051,Podkarpackie
Rana Beasley,mollis@outlook.net,2183,$58.22,Philippines,834-4361 Ultrices. Street,1-513-389-1563,Akwa Ibom
Teagan Hyde,diam.nunc@icloud.net,652721,$92.87,Ireland,"P.O. Box 708, 9742 Eros Rd.",1-925-237-3296,Junín
Kennan Farrell,et.commodo@aol.org,8092,$8.10,Belgium,6572 Ac Rd.,(241) 477-2592,Tyrol
Amethyst Tate,neque.non@google.ca,5021,$6.16,Netherlands,Ap #779-1115 Purus. Street,(518) 652-7712,Comunitat Valenciana
Xanthus Cross,in.at@google.net,76594,$21.99,Brazil,203-2749 Metus. Ave,(712) 303-4755,Paraná
Ora Dyer,eget.venenatis.a@aol.edu,12-634,$8.61,South Africa,724-9055 Faucibus Rd.,(459) 417-2529,North Jeolla
Kirk Farrell,in.faucibus.orci@yahoo.couk,555333,$6.65,Mexico,"P.O. Box 685, 6496 Dolor. Av.",(912) 222-4822,Punjab
Piper Whitehead,sed.nec@protonmail.edu,65236,$92.49,Philippines,266-8762 Laoreet St.,(307) 623-6237,Ulster
Imani Fleming,lacus.quisque@aol.couk,4035,$7.79,Mexico,"Ap #443-5332 Nostra, St.",1-752-914-4622,Puglia
Hiram Greer,ante@aol.com,7134-2436,$64.19,Norway,107-6180 Donec Street,(752) 362-6145,Kursk Oblast
Eugenia Spears,tristique@aol.edu,38921,$72.76,Norway,8952 Quam Avenue,1-758-902-4267,Central Kalimantan
Zoe Rivera,eget@hotmail.couk,85390-432,$75.46,France,"P.O. Box 885, 5849 Metus. Rd.",(372) 611-6895,Illes Balears
Eliana Cline,interdum@google.org,63783,$54.08,Spain,"P.O. Box 463, 1128 Ac Avenue",1-305-848-7246,Dōngběi
Asher Harding,amet.ante@protonmail.ca,213888,$27.88,Pakistan,8151 Hendrerit Rd.,(321) 793-2973,Connacht
Adam Cummings,enim.curabitur@yahoo.net,353647,$84.50,Brazil,404-3031 Magnis Avenue,1-565-612-2282,Nunavut
Ifeoma Huffman,feugiat@aol.net,30701,$65.86,Singapore,5251 Lobortis Avenue,1-111-317-5325,Arkhangelsk Oblast
Zachary Ortiz,ullamcorper.duis@aol.edu,63208,$31.17,Philippines,6465 Turpis Ave,1-625-932-6295,Metropolitana de Santiago
Hedda Singleton,pede.cum@outlook.couk,16832,$88.34,India,Ap #404-9786 Nunc Av.,(874) 585-8288,İzmir
Claire Kennedy,nullam.scelerisque.neque@google.edu,5271,$17.32,Colombia,"P.O. Box 676, 4274 Erat. Road",1-271-268-9459,North Jeolla
Zachery Harvey,taciti.sociosqu@google.net,49163,$29.65,Chile,Ap #902-620 In St.,1-361-133-5684,Baja California
Dean Beard,facilisis.non@hotmail.couk,51507,$10.61,United States,"P.O. Box 180, 8119 Enim Rd.",(123) 728-5019,Queensland
Azalia Patterson,praesent.eu@google.couk,81775,$43.68,Brazil,"P.O. Box 279, 3571 Scelerisque St.",1-276-238-1465,West-Vlaanderen
Quinn Schroeder,mauris.molestie@icloud.couk,733070,$63.82,Vietnam,896-793 Diam Street,1-689-475-2396,Gävleborgs län
Brenda Lawrence,pharetra@icloud.edu,36246,$12.44,Australia,3565 Ac Rd.,(655) 516-2726,Bangsamoro
Gisela Case,nec.enim@yahoo.net,4538,$57.66,Turkey,917-7301 Sed Street,1-571-737-7213,Midi-Pyrénées
Brenda Coffey,nulla.donec@protonmail.ca,3067-8411,$83.81,Turkey,"P.O. Box 959, 6001 Magna. Av.",(406) 579-3466,Bourgogne
Jenna Cooper,gravida.sagittis.duis@icloud.couk,386574,$68.74,Norway,"P.O. Box 309, 953 Nisi Rd.",1-386-781-7681,Manitoba
Amena Duffy,leo@protonmail.edu,65-76,$24.20,Turkey,"P.O. Box 813, 5520 Est. Street",(973) 644-7826,Gauteng
Gisela Farmer,rhoncus.id@hotmail.edu,B1L 4C6,$19.18,Nigeria,Ap #924-8361 Mauris Street,(663) 877-9581,Alajuela
Garrison Shepherd,curae@aol.couk,0326-8391,$90.21,Colombia,8246 Rutrum. Avenue,1-285-813-9431,Western Australia
Melissa Garrett,aenean@google.ca,798109,$29.93,United Kingdom,839-846 Praesent Ave,1-538-524-5696,Pará
Ishmael Horton,aliquet@protonmail.org,16285,$64.86,Mexico,996-1329 Eget Av.,(564) 656-5211,Maranhão
Brett Charles,ornare@hotmail.ca,724803,$43.85,Canada,Ap #463-3052 Sodales Ave,1-817-984-8149,Nunavut
Ali Greene,vulputate.nisi@google.edu,22-904,$84.58,United Kingdom,4779 Magna. Road,(878) 453-8963,Midi-Pyrénées
Allegra Richards,aliquam.nisl.nulla@icloud.couk,878688,$44.86,Vietnam,"P.O. Box 368, 548 Lorem Ave",1-163-761-4866,Metropolitana de Santiago
Alan Burch,volutpat.nulla.dignissim@protonmail.com,31-512,$80.73,Australia,Ap #448-9441 Nisi Av.,(767) 856-6033,Samara Oblast
Destiny Vincent,dictum@yahoo.net,2576,$98.63,Canada,732-1786 Malesuada St.,(367) 327-6068,South Chungcheong
Nichole Noel,odio.a@google.couk,380245,$39.81,Indonesia,896-8856 Enim Av.,(551) 869-3033,Gävleborgs län
Noah Dyer,dapibus.rutrum.justo@icloud.org,55393,$57.85,Russian Federation,Ap #560-7431 Integer Av.,(545) 562-5767,Kirovohrad oblast
Ahmed Barrera,lectus@protonmail.couk,44195,$55.48,Australia,Ap #814-7771 Tellus Road,(431) 381-9783,Tyrol
Lillian Andrews,odio.phasellus@aol.couk,678092,$64.88,Germany,Ap #928-7124 Integer Rd.,1-558-727-5220,East Lothian
Autumn Carroll,sapien.cursus@aol.edu,637878,$57.40,Norway,Ap #587-6686 Magnis Street,1-984-165-3680,Special Region of Yogyakarta
Amena Lindsay,nec.tellus@hotmail.net,8013,$39.90,Peru,Ap #640-2822 Lorem Ave,1-843-345-9611,Gaziantep
Megan Neal,vivamus.rhoncus@yahoo.com,84-429,$72.10,South Korea,4951 Mus. Avenue,(433) 375-2272,Lombardia
Dillon Bradley,ridiculus.mus@aol.couk,77552,$22.33,Costa Rica,6867 Vestibulum St.,1-844-314-6307,Renfrewshire
Eagan Whitaker,egestas.urna@icloud.edu,7172,$93.44,Australia,197-8335 Eget Av.,(766) 326-5822,Eastern Visayas
Justin Sharpe,porttitor.interdum@protonmail.edu,433629,$28.97,Italy,1014 Mauris Rd.,1-691-536-8653,Querétaro
Leah Mcbride,augue@aol.couk,M53 1QR,$39.21,United Kingdom,"4539 Ut, Street",(377) 725-7146,Khyber Pakhtoonkhwa
Vernon Hale,sit@yahoo.couk,427612,$24.73,Spain,"P.O. Box 523, 4478 Ut Ave",1-420-728-4766,Rheinland-Pfalz
Hanna Cantrell,elit@icloud.edu,75786-451,$48.88,United Kingdom,"Ap #626-7079 Et, Av.",1-611-766-9978,Sevastopol City
Summer Pope,enim.gravida.sit@protonmail.org,777707,$13.95,Ukraine,Ap #262-7210 Congue Ave,1-263-639-7899,Punjab
Stuart Mcmillan,egestas.a@icloud.couk,657811,$13.38,South Korea,"6827 Non, Avenue",1-768-564-2822,Punjab
Chase Morales,vitae.velit.egestas@hotmail.org,2825-1365,$52.87,India,Ap #381-8344 Diam Rd.,(829) 766-5869,Valparaíso
Magee Turner,facilisis.lorem@yahoo.com,1587,$63.69,Philippines,"Ap #799-8585 Montes, Avenue",(230) 502-4919,Eastern Visayas
Thomas Cole,lorem.eget@hotmail.org,3518,$88.68,Peru,524-9627 Pellentesque Rd.,1-259-580-0842,Hatay
Tanisha Hobbs,metus@google.com,99-25,$63.33,Brazil,"712-7131 Tellus, St.",(914) 532-5289,Novgorod Oblast
Meredith Richardson,nunc.risus@protonmail.ca,4233,$31.99,Peru,295-7783 Felis Avenue,1-879-283-2305,Sinaloa
Astra Perkins,amet.ornare@protonmail.net,54-63,$11.25,Sweden,308-5650 Lacus. Road,(235) 803-7632,Limpopo
Shea Hester,sit.amet.lorem@yahoo.org,76758-174,$0.21,Germany,598-1496 Posuere Av.,1-695-326-8752,Trøndelag
Geoffrey Thomas,magnis.dis@icloud.net,4667,$63.57,South Africa,"P.O. Box 561, 3756 Dolor. Rd.",(188) 707-6582,Florida
Mariam Henry,ipsum@outlook.edu,986864,$46.82,Canada,Ap #672-7458 Phasellus St.,(943) 428-5376,Jönköpings län
Ella Perez,pede.ultrices.a@google.ca,13144,$21.58,Germany,652-4094 Sed Ave,(187) 710-7311,West Kalimantan
Virginia Moss,sed.dictum.proin@hotmail.org,14919,$27.43,France,"Ap #661-4236 Enim, Street",1-780-929-3702,Manisa
Ocean Carr,sem@google.org,13558,$81.60,Vietnam,"P.O. Box 525, 7731 Aliquam Road",1-249-166-6620,North Island
Keegan Salinas,mi.eleifend@icloud.com,155055,$86.36,United Kingdom,"Ap #875-9078 A, Road",(308) 635-3843,Hamburg
Nasim Nash,consectetuer@google.edu,3682,$29.05,Germany,Ap #517-4265 Eget Rd.,1-736-807-2708,Wiltshire
Wynne Mcneil,elementum.sem@aol.net,6537,$0.70,Singapore,Ap #899-1994 Mi St.,1-522-859-3796,Noord Holland
Anjolie Miles,nunc@outlook.ca,661567,$2.53,Spain,"P.O. Box 123, 6440 Lectus Ave",(275) 786-6809,Munster
Rina Cobb,adipiscing@protonmail.com,48-558,$54.04,South Africa,490-695 Blandit Rd.,(567) 189-4719,Champagne-Ardenne
Rigel Lowery,sagittis.lobortis.mauris@google.couk,5233 WU,$65.04,United States,156-3437 In Av.,(721) 626-4897,Central Region
Bell Mitchell,rutrum.non.hendrerit@google.couk,6673,$21.01,Belgium,Ap #316-5032 Rhoncus. Rd.,1-683-464-2051,Hessen
Beau Dorsey,lobortis.risus@outlook.net,01485,$53.80,Costa Rica,646-8396 Penatibus Street,(241) 329-8135,Zhytomyr oblast
Heather Bradley,proin.vel.arcu@outlook.com,18614-381,$25.66,Ukraine,"P.O. Box 632, 7577 Diam. Av.",1-314-877-6217,Bremen
Beck Barnett,nec@icloud.net,3265,$45.55,Canada,Ap #320-9729 Cras Avenue,1-702-546-7583,South Island
Nina Higgins,nunc@outlook.org,466376,$42.33,Chile,2537 Feugiat Road,1-783-467-5392,Sachsen-Anhalt
Zahir Knox,mauris.rhoncus@aol.net,35-87,$63.51,Chile,Ap #953-3605 Semper St.,(565) 488-1486,Dolnośląskie
Summer Lee,justo@icloud.com,98363,$53.76,South Korea,Ap #479-4100 Enim. Rd.,(428) 651-6394,Burgenland
Adam Johnson,mauris.eu.elit@outlook.net,0618,$2.55,Netherlands,929-6881 Nullam Avenue,(764) 172-4615,Bahia
Xyla Hale,pretium.et@yahoo.net,67315,$23.32,United Kingdom,Ap #613-9404 Et St.,(797) 180-4623,Kostroma Oblast
Asher Mathews,odio@hotmail.com,SE1 4LR,$11.05,Vietnam,852-397 Nec St.,(647) 352-9367,Minnesota
Kylie Woodard,ornare.lectus@google.com,68124,$5.45,Vietnam,Ap #713-4671 Amet St.,1-493-626-5521,Mersin
Dieter Ewing,iaculis.enim@yahoo.org,148340,$3.68,Ireland,Ap #885-8054 Ut St.,(774) 374-4281,Veneto
Hashim Stanley,morbi@outlook.org,32235,$48.01,China,Ap #182-7196 Faucibus Rd.,(532) 224-4003,Puno
Kimberly Griffith,curae.donec@google.com,34616-03988,$75.15,United States,295-5087 Duis Avenue,(115) 884-2774,Delhi
Wang Charles,tellus@yahoo.org,87824,$98.68,Ukraine,"4610 Ornare, Rd.",1-818-508-1421,Guanacaste
Craig Holden,praesent.eu@aol.edu,26689,$20.01,India,123 Nec Rd.,1-857-643-2211,Volyn oblast
Francesca Kirkland,integer.id.magna@protonmail.com,58403-438,$32.65,Indonesia,Ap #207-8695 Adipiscing Ave,1-655-508-8330,North Jeolla
Brock Cortez,ornare@google.net,41737,$50.39,France,"P.O. Box 837, 9148 Enim Ave",1-114-406-2576,Umbria
Martin Bernard,sed.libero@protonmail.couk,71737,$21.60,Turkey,489-4844 Maecenas Road,(848) 991-4741,South Australia
Reed Randall,metus.in.nec@outlook.ca,21287,$22.94,Canada,1907 Vulputate St.,1-747-523-7552,Kon Tum
Penelope Reyes,elit.dictum.eu@hotmail.net,227053,$97.50,South Korea,461 Morbi St.,(659) 840-2661,Sonora
Heather Montoya,eu.dolor@yahoo.net,39820,$1.45,Vietnam,642-6059 Nisl. Street,1-331-532-8506,Guerrero
Malachi Melton,mauris@aol.edu,814795,$92.59,Brazil,"P.O. Box 816, 1777 Feugiat Avenue",(457) 769-3686,Diyarbakır
Lillian Osborn,non.massa.non@protonmail.net,87-24,$80.82,Philippines,584-3889 Phasellus Ave,(537) 119-7659,Hatay
Phelan Riddle,eget.laoreet@aol.net,22582,$99.96,Norway,"341-5509 Mi, Rd.",1-768-299-3111,Bryansk Oblast
Lucian Ellison,vivamus.molestie.dapibus@protonmail.edu,173381,$42.54,Singapore,Ap #813-3562 Mauris. Street,1-242-992-4353,Bengkulu
Lane Nixon,ultricies@outlook.edu,S7C 1G8,$21.70,Chile,374-7053 Nisi St.,1-759-816-6123,Gilgit Baltistan
Rajah Mann,vestibulum.massa.rutrum@protonmail.edu,59859,$86.65,Turkey,Ap #345-9028 Commodo St.,(901) 271-0978,Sachsen-Anhalt
Hall Gay,et.rutrum.eu@yahoo.net,Y7M 6T3,$16.59,South Korea,Ap #848-7915 Sollicitudin St.,1-601-227-2841,Cajamarca
Illiana Pratt,consequat.dolor@hotmail.org,11116-64187,$21.20,Norway,Ap #828-3933 Libero Rd.,(361) 523-8145,Pays de la Loire
Laith Simpson,duis.elementum@aol.net,872827,$41.39,Ireland,"Ap #994-9481 Scelerisque, St.",(522) 856-7737,Punjab
Forrest Moran,non.quam@google.net,82339,$64.83,Sweden,"P.O. Box 625, 9319 Lorem Ave",(537) 262-4854,Cajamarca
Brielle Coleman,luctus@icloud.ca,84036,$10.84,Mexico,6121 Nec Ave,1-922-482-1358,Puntarenas
Jamal Bullock,nascetur@outlook.couk,4155,$50.70,Ireland,"P.O. Box 599, 6999 Sapien, Rd.",(123) 357-1421,East Kalimantan
Yetta Hampton,risus.varius@hotmail.com,13712-866,$66.03,Ukraine,Ap #334-8900 Mauris St.,(152) 984-2566,Konya
Cassidy Farley,cursus.et.eros@outlook.org,26974,$74.98,Ireland,456-1029 Lorem Rd.,1-330-697-5612,Irkutsk Oblast
Hayfa Terry,semper@aol.edu,588189,$74.67,Germany,"235-5362 A, Street",(526) 342-5457,Connacht
Kelly Bush,neque.nullam@protonmail.net,642245,$87.75,Costa Rica,"903-3975 Et, Av.",1-445-340-7661,North-East Region
Brendan Mcgowan,metus.eu.erat@protonmail.org,43847,$59.79,Norway,"284-7694 Sed, Ave",(683) 650-5762,Hatay
Judah Guerra,hendrerit.donec.porttitor@protonmail.org,78856,$47.72,Indonesia,7400 Orci Avenue,1-512-677-3288,Vologda Oblast
Hammett Ward,molestie.arcu@hotmail.ca,48638,$59.51,Sweden,134-9535 Enim. Ave,1-476-823-4191,Aydın
Bruce Clements,phasellus.dapibus@google.net,5486,$54.64,Philippines,Ap #384-9798 Ac Rd.,1-332-571-2616,Bicol Region
Lacota Doyle,sollicitudin.commodo@aol.ca,173133,$74.82,Australia,562-4075 Eu Street,1-947-215-5676,Newfoundland and Labrador
Ursula Greer,in@hotmail.ca,42041,$14.66,Poland,"5154 Non, Avenue",(875) 637-6322,South Sumatra
Deanna Hall,libero.proin.sed@aol.ca,74-42,$72.95,Indonesia,Ap #755-6874 Cras Av.,1-452-329-5441,Sindh
Luke Hull,tempus.non@hotmail.net,65281,$98.49,Vietnam,501-4405 Tincidunt Rd.,(668) 300-6553,North Chungcheong
Irma Hunter,lectus@yahoo.edu,Q0Y 6LM,$21.83,Chile,"P.O. Box 835, 6775 Natoque Rd.",1-738-140-9935,Lombardia
Nelle Britt,sagittis.semper@hotmail.net,63-714,$26.86,Ireland,9295 Ante St.,(473) 422-8481,Sachsen-Anhalt
Clark Flynn,enim.mi@hotmail.ca,93714,$14.24,South Korea,Ap #392-174 Malesuada Ave,1-550-392-0287,Alberta
Lewis Buck,porttitor@outlook.couk,157643,$57.48,Vietnam,705-9496 Bibendum. Street,1-414-690-9774,Zeeland
Xander Preston,sed.consequat.auctor@icloud.edu,16493,$14.35,Vietnam,"P.O. Box 428, 2661 Nec, St.",(890) 277-4334,Maryland
Thor Nunez,non@hotmail.net,828039,$82.29,Italy,"P.O. Box 937, 4097 Nam Av.",(542) 806-8537,Sachsen
Athena Stone,lectus.quis@hotmail.edu,16576,$20.34,Vietnam,"953-5656 Odio, Street",1-415-763-5597,Friesland
Elaine Ray,erat.in.consectetuer@protonmail.net,44779-05734,$9.44,Singapore,"P.O. Box 332, 6520 Venenatis Street",(973) 245-1741,Lạng Sơn
Cruz Gordon,tincidunt.nibh@google.net,419706,$1.81,Poland,588-7698 At Road,(817) 475-6879,Alajuela
Jane Mcgee,ornare.elit@yahoo.org,607304,$35.42,Ireland,502-6413 Enim St.,1-677-542-7487,Sokoto
Zoe Hodges,donec@google.ca,KO7M 2EJ,$67.38,France,"390 Tempor, Street",1-326-372-6736,Hà Tĩnh
Carson Peterson,ultrices.posuere@yahoo.edu,25322-98508,$17.68,Russian Federation,Ap #874-5812 Volutpat Ave,1-457-565-3737,Soccsksargen
Dora Franco,id.sapien@google.org,34711,$47.78,United States,Ap #920-9148 Phasellus Av.,1-266-718-2053,Rostov Oblast
Joel Valentine,luctus.aliquet@yahoo.edu,3944,$34.00,Costa Rica,Ap #508-1930 Id Rd.,1-247-774-8460,Magadan Oblast
Raymond Thornton,pede@yahoo.org,52991,$14.14,India,996-3972 Diam. St.,(386) 875-4515,Dolnośląskie
Graham Ramos,diam.dictum@protonmail.org,254532,$59.09,United Kingdom,112-7005 Posuere Ave,1-170-882-4731,South Island
Cullen Klein,tincidunt.pede@google.com,32542-44496,$34.20,Costa Rica,653-9203 In St.,(538) 932-2654,Huáběi
Erin Barlow,mauris.molestie@yahoo.couk,51104,$15.60,Poland,742-6851 Nunc Road,(480) 545-9161,Maryland
Rylee Landry,nonummy.ac.feugiat@outlook.com,98210,$27.66,United States,"P.O. Box 159, 470 Quisque Ave",(208) 437-4334,Junín
Solomon Santos,sem.mollis.dui@icloud.com,87183,$69.20,Australia,Ap #101-6819 In St.,1-864-564-9733,Chihuahua
Nyssa Reeves,in@yahoo.edu,78153,$34.95,Ukraine,8336 Lobortis Avenue,1-382-813-5661,Tyumen Oblast
Melvin Flynn,egestas.sed@aol.ca,77-544,$86.81,Belgium,4482 Placerat Ave,1-528-318-5823,Madrid
Amelia Sutton,in@outlook.ca,12014,$32.53,Nigeria,Ap #976-1413 Eleifend St.,(584) 643-8629,Ancash
Fuller Logan,natoque.penatibus@icloud.ca,8378,$35.26,Singapore,590-9641 Fermentum Av.,(894) 317-4288,Poltava oblast
James Bailey,porttitor.vulputate@aol.ca,1382,$29.03,India,"445-744 Dui, Road",(643) 856-9676,Chiapas
Thomas Adams,amet.consectetuer@google.couk,26042,$92.43,Colombia,"Ap #387-9206 Lorem, St.",1-472-666-2067,Connacht
Ina Sweet,maecenas@yahoo.net,66483,$5.41,Chile,"746-5023 Montes, St.",(390) 636-8305,Nunavut
Alden Copeland,vitae.semper.egestas@hotmail.ca,288724,$31.87,South Korea,"958-6762 Eu, Avenue",(788) 273-9330,Arica y Parinacota
Iliana Torres,cras@aol.com,668305,$78.88,Vietnam,5128 Bibendum St.,(355) 778-4158,Azad Kashmir
Lillith Mercado,dictum@outlook.couk,1442,$99.22,Belgium,Ap #910-9858 Sed St.,1-296-454-5290,North Gyeongsang
Nevada Kirk,at.augue@google.ca,32571,$5.50,Chile,Ap #258-9672 Sodales Street,1-815-257-5730,British Columbia
Derek Gilbert,aliquet.magna.a@outlook.ca,16456,$88.77,Chile,8782 In Ave,1-617-549-5867,Bali
Ezra Marquez,integer.id@aol.edu,565176,$75.19,Vietnam,6304 Nibh. Rd.,(609) 657-9080,Zachodniopomorskie
Lenore Williamson,commodo.tincidunt@icloud.edu,74761-875,$58.79,India,Ap #739-640 Vel Rd.,(716) 782-5616,Davao Region
Honorato Francis,laoreet.posuere.enim@aol.org,46375-403,$53.82,United States,480-305 Sit Rd.,1-572-735-1524,North Island
Lamar Barrera,integer.tincidunt@aol.couk,KW7Q 5XP,$36.87,Poland,Ap #188-7100 Pellentesque Rd.,(328) 403-1445,Manisa
Florence Larsen,malesuada@aol.org,3094,$72.22,United Kingdom,Ap #861-5990 Sed Rd.,1-514-617-2835,Aquitaine
Brendan Tyler,ornare.fusce@icloud.org,11-815,$53.30,Colombia,Ap #412-7426 Integer Avenue,(815) 367-4458,Tarapacá
Dante Wilson,mi@yahoo.net,838679,$19.41,Canada,Ap #298-4888 Risus. Road,1-323-826-6660,Vlaams-Brabant
Jaquelyn Mills,libero.dui@protonmail.com,30053,$9.15,India,"3541 Quis, Av.",1-364-855-4085,Vermont
Chloe Carrillo,ante@protonmail.edu,5028,$72.79,Vietnam,866-5904 Libero Road,1-392-553-8063,Andhra Pradesh
Jackson Mathis,nulla.facilisis.suspendisse@outlook.ca,37-68,$10.47,Mexico,310-8361 Ornare. Rd.,(565) 940-8887,Gauteng
Astra Powers,scelerisque.lorem.ipsum@icloud.net,42439,$43.05,Philippines,"693-3316 Est, Road",(272) 258-1114,North-East Region
Rebecca Davis,tempus.non@aol.com,17466,$92.76,Italy,103-2745 Aliquam Av.,1-496-446-1504,Bayern
Abraham Woodward,aliquam@google.ca,3784 FV,$62.82,New Zealand,164 Fermentum Street,(942) 285-1374,Alberta
Vincent Vincent,vivamus.nisi.mauris@icloud.net,2487,$14.79,Sweden,Ap #942-6043 Vivamus Avenue,1-216-802-6254,Queensland
Violet Walker,natoque.penatibus@aol.ca,88-722,$3.68,Indonesia,2300 Nam Avenue,1-427-687-7016,İzmir
Jonah Keller,mi.enim@yahoo.org,13-36,$85.84,Pakistan,Ap #687-4571 Nam Ave,1-326-588-8296,Khmelnytskyi oblast
Orlando Vance,lorem.lorem@icloud.org,3143-6838,$62.89,New Zealand,"P.O. Box 753, 4620 Integer St.",(758) 400-5323,Lower Austria
Zeph Jackson,pede.praesent.eu@yahoo.org,44262,$95.68,South Korea,Ap #538-2850 Donec Road,(261) 975-7466,Pays de la Loire
Acton Kidd,eu@yahoo.couk,6583,$81.36,Pakistan,5683 Mauris. St.,1-736-518-6936,Central Visayas
Portia Stafford,enim.etiam.imperdiet@protonmail.couk,278646,$28.84,Ireland,Ap #143-6789 Dictum. St.,1-864-676-1262,West Region
Erasmus Blake,tincidunt.aliquam@protonmail.com,55M 2L2,$56.86,Pakistan,9637 Accumsan Street,(383) 765-8385,Eastern Visayas
Gage Gordon,purus@protonmail.org,41631,$22.01,Russian Federation,432-3240 Proin St.,1-339-138-0615,Delta
Harrison Thompson,venenatis.vel@google.couk,99644,$50.99,Poland,Ap #997-6348 Interdum Av.,1-376-886-0350,New South Wales
Maxwell Wade,aliquet@outlook.couk,2227,$93.54,New Zealand,"P.O. Box 422, 3911 Lacus, Street",(339) 782-7191,Central Region
Caleb Scott,neque.vitae.semper@hotmail.edu,35051,$11.26,Netherlands,"P.O. Box 148, 6918 Id, Street",(574) 353-2316,Arkansas
Anthony William,molestie.arcu@icloud.edu,51-85,$8.15,United States,310-5634 Magna. Street,1-605-697-5863,Upper Austria
Abigail Vazquez,phasellus.fermentum@yahoo.edu,518937,$70.83,South Africa,991 Mauris St.,(144) 987-4855,Coahuila
Julie Buckley,scelerisque@google.net,10777,$31.75,South Africa,252-487 Proin Av.,1-697-634-6763,South Chungcheong
Avye Whitfield,etiam@google.edu,22555,$48.57,France,723-1998 Purus. Street,(845) 283-7263,Friesland
Mariko Haynes,per@outlook.com,3829,$87.43,Canada,"108-1663 Est, St.",1-416-724-4561,Irkutsk Oblast
Aurelia Bridges,egestas.aliquam@google.net,5575-3635,$55.89,Netherlands,"P.O. Box 425, 8473 Malesuada Ave",(747) 143-2626,Kherson oblast
Yuli Austin,tempor.diam.dictum@hotmail.edu,48543,$23.44,Indonesia,4948 Feugiat. St.,(915) 112-8504,Guaviare
Teagan Mcdaniel,sit@outlook.edu,20601,$52.10,United Kingdom,Ap #250-7259 Dignissim Rd.,(583) 340-1647,Bắc Giang
Oscar Shaw,felis.ullamcorper@protonmail.couk,22234,$54.69,Russian Federation,2618 Tempor Road,(117) 243-1393,Arizona
Grace Stout,torquent.per@icloud.couk,16950,$27.37,New Zealand,Ap #396-7136 Mauris St.,(417) 270-5318,Northern Territory
